{
  "report": {
    "timestamp": "2025-11-30T18:58:47.454799",
    "total_questions": 10,
    "ground_truth_averages": {
      "sql": 100.0,
      "table": 100.0,
      "methodology": 100.0,
      "overall": 100.0
    },
    "baseline_averages": {
      "sql": 79.28147708596526,
      "table": 92.87619047619047,
      "methodology": 83.72222222222221,
      "overall": 85.20205555560088
    },
    "enhanced_averages": {
      "sql": 79.8152644274015,
      "table": 95.90326340326341,
      "methodology": 88.0,
      "overall": 87.31115840040637
    },
    "baseline_gap_from_ground_truth": {
      "sql": 20.718522914034736,
      "table": 7.123809523809527,
      "methodology": 16.277777777777786,
      "overall": 14.797944444399121
    },
    "enhanced_gap_from_ground_truth": {
      "sql": 20.1847355725985,
      "table": 4.096736596736591,
      "methodology": 12.0,
      "overall": 12.68884159959363
    },
    "enhanced_improvements": {
      "sql": 0.5337873414362377,
      "table": 3.027072927072936,
      "methodology": 4.277777777777786,
      "overall": 2.1091028448054914
    },
    "improved": 7,
    "degraded": 3,
    "same": 0,
    "improvement_rate": 70.0
  },
  "detailed_results": [
    {
      "question_id": "Complex_13",
      "question_text": "How does the average rework count for 'Widget-A' differ between Line-1 and Line-2?",
      "category": "Complex",
      "ground_truth": {
        "sql_score": 100.0,
        "table_column_score": 100.0,
        "methodology_score": 100.0,
        "overall_score": 100.0
      },
      "baseline": {
        "sql_score": 97.73062730627306,
        "table_column_score": 100.0,
        "methodology_score": 72.22222222222221,
        "overall_score": 90.62885657031305
      },
      "enhanced": {
        "sql_score": 97.73062730627306,
        "table_column_score": 100.0,
        "methodology_score": 95.0,
        "overall_score": 96.70571955719558
      },
      "baseline_gap": {
        "sql": 2.269372693726936,
        "table": 0.0,
        "methodology": 27.777777777777786,
        "overall": 9.371143429686953
      },
      "enhanced_gap": {
        "sql": 2.269372693726936,
        "table": 0.0,
        "methodology": 5.0,
        "overall": 3.2942804428044212
      },
      "enhanced_improvement": {
        "sql": 0.0,
        "table": 0.0,
        "methodology": 22.777777777777786,
        "overall": 6.0768629868825315
      }
    },
    {
      "question_id": "Complex_26",
      "question_text": "What is the impact of preventive maintenance on the subsequent breakdown frequency for Machine-M1?",
      "category": "Complex",
      "ground_truth": {
        "sql_score": 100.0,
        "table_column_score": 100.0,
        "methodology_score": 100.0,
        "overall_score": 100.0
      },
      "baseline": {
        "sql_score": 53.9869238736406,
        "table_column_score": 93.33333333333333,
        "methodology_score": 85.0,
        "overall_score": 77.42398848441852
      },
      "enhanced": {
        "sql_score": 59.617224880382764,
        "table_column_score": 100.0,
        "methodology_score": 85.0,
        "overall_score": 80.36602870813397
      },
      "baseline_gap": {
        "sql": 46.0130761263594,
        "table": 6.666666666666671,
        "methodology": 15.0,
        "overall": 22.576011515581484
      },
      "enhanced_gap": {
        "sql": 40.382775119617236,
        "table": 0.0,
        "methodology": 15.0,
        "overall": 19.633971291866033
      },
      "enhanced_improvement": {
        "sql": 5.630301006742165,
        "table": 6.666666666666671,
        "methodology": 0.0,
        "overall": 2.942040223715452
      }
    },
    {
      "question_id": "Complex_32",
      "question_text": "Which machine has the highest average downtime due to breakdowns in the last quarter, and what is the total cost associated with those breakdowns?",
      "category": "Complex",
      "ground_truth": {
        "sql_score": 100.0,
        "table_column_score": 100.0,
        "methodology_score": 100.0,
        "overall_score": 100.0
      },
      "baseline": {
        "sql_score": 86.1580547112462,
        "table_column_score": 80.0,
        "methodology_score": 90.0,
        "overall_score": 85.44072316352357
      },
      "enhanced": {
        "sql_score": 76.68738686175068,
        "table_column_score": 94.54545454545455,
        "methodology_score": 90.0,
        "overall_score": 86.47694903797637
      },
      "baseline_gap": {
        "sql": 13.841945288753806,
        "table": 20.0,
        "methodology": 10.0,
        "overall": 14.559276836476428
      },
      "enhanced_gap": {
        "sql": 23.31261313824932,
        "table": 5.454545454545453,
        "methodology": 10.0,
        "overall": 13.523050962023632
      },
      "enhanced_improvement": {
        "sql": -9.470667849495513,
        "table": 14.545454545454547,
        "methodology": 0.0,
        "overall": 1.0362258744527963
      }
    },
    {
      "question_id": "Complex_18",
      "question_text": "What is the average unit cost of materials purchased from each supplier, and which supplier has the lowest average cost?",
      "category": "Complex",
      "ground_truth": {
        "sql_score": 100.0,
        "table_column_score": 100.0,
        "methodology_score": 100.0,
        "overall_score": 100.0
      },
      "baseline": {
        "sql_score": 83.53857566765578,
        "table_column_score": 88.0,
        "methodology_score": 75.0,
        "overall_score": 82.77918399024081
      },
      "enhanced": {
        "sql_score": 82.18774703557312,
        "table_column_score": 100.0,
        "methodology_score": 90.0,
        "overall_score": 89.7657114624506
      },
      "baseline_gap": {
        "sql": 16.461424332344222,
        "table": 12.0,
        "methodology": 25.0,
        "overall": 17.22081600975919
      },
      "enhanced_gap": {
        "sql": 17.812252964426875,
        "table": 0.0,
        "methodology": 10.0,
        "overall": 10.234288537549403
      },
      "enhanced_improvement": {
        "sql": -1.3508286320826528,
        "table": 12.0,
        "methodology": 15.0,
        "overall": 6.9865274722097865
      }
    },
    {
      "question_id": "Complex_1",
      "question_text": "What is the average downtime (in minutes) per shift for each machine in the last quarter?",
      "category": "Complex",
      "ground_truth": {
        "sql_score": 100.0,
        "table_column_score": 100.0,
        "methodology_score": 100.0,
        "overall_score": 100.0
      },
      "baseline": {
        "sql_score": 68.99746008708273,
        "table_column_score": 100.0,
        "methodology_score": 85.0,
        "overall_score": 83.72918970384168
      },
      "enhanced": {
        "sql_score": 76.10409556313994,
        "table_column_score": 100.0,
        "methodology_score": 90.0,
        "overall_score": 87.63643344709898
      },
      "baseline_gap": {
        "sql": 31.00253991291727,
        "table": 0.0,
        "methodology": 15.0,
        "overall": 16.270810296158317
      },
      "enhanced_gap": {
        "sql": 23.895904436860064,
        "table": 0.0,
        "methodology": 10.0,
        "overall": 12.36356655290102
      },
      "enhanced_improvement": {
        "sql": 7.106635476057207,
        "table": 0.0,
        "methodology": 5.0,
        "overall": 3.907243743257297
      }
    },
    {
      "question_id": "Complex_7",
      "question_text": "What are the top 3 defect types that lead to rework for Widget-B, and what is their total rework count?",
      "category": "Complex",
      "ground_truth": {
        "sql_score": 100.0,
        "table_column_score": 100.0,
        "methodology_score": 100.0,
        "overall_score": 100.0
      },
      "baseline": {
        "sql_score": 99.95522388059702,
        "table_column_score": 100.0,
        "methodology_score": 100,
        "overall_score": 99.13987170938236
      },