,count,avg_overall,avg_sql,avg_table_column,avg_methodology,avg_latency_ms,error_count
llama-3.1-8b-instant,30.0,77.22010252598405,73.02386344669308,84.76349206349207,71.03865304949964,8407.186110814413,0.0
llama-3.3-70b-versatile,30.0,78.50113508949066,81.99869013457145,89.16103896103895,59.13167731890109,2281.693935394287,0.0
allam-2-7b,30.0,64.4235222271188,55.5651291488957,74.97027417027418,57.79842176346126,11063.680466016134,0.0
qwen/qwen3-32b,30.0,79.8632058938035,64.12467516696715,90.6083694083694,86.67530536870773,12351.14377339681,0.0
meta-llama/llama-4-scout-17b-16e-instruct,30.0,80.84872953781964,79.5576323736693,89.69523809523811,69.80579338951817,3619.8933362960815,0.0
meta-llama/llama-4-maverick-17b-128e-instruct,30.0,88.5398387226391,82.57206036924906,94.12539682539682,89.9074074074074,8639.538351694742,0.0
moonshotai/kimi-k2-instruct,30.0,87.45891086390922,80.59789156799883,91.04761904761905,89.0,2122.5594679514566,0.0
