{
  "total_evaluations": 210,
  "models_evaluated": [
    "llama-3.1-8b-instant",
    "llama-3.3-70b-versatile",
    "allam-2-7b",
    "qwen/qwen3-32b",
    "meta-llama/llama-4-scout-17b-16e-instruct",
    "meta-llama/llama-4-maverick-17b-128e-instruct",
    "moonshotai/kimi-k2-instruct"
  ],
  "categories_evaluated": [
    "Complex",
    "Easy",
    "Medium"
  ],
  "by_model": {
    "llama-3.1-8b-instant": {
      "count": 30,
      "avg_overall": 77.22010252598405,
      "avg_sql": 73.02386344669308,
      "avg_table_column": 84.76349206349207,
      "avg_methodology": 71.03865304949964,
      "avg_latency_ms": 8407.186110814413,
      "error_count": 0
    },
    "llama-3.3-70b-versatile": {
      "count": 30,
      "avg_overall": 78.50113508949066,
      "avg_sql": 81.99869013457145,
      "avg_table_column": 89.16103896103895,
      "avg_methodology": 59.13167731890109,
      "avg_latency_ms": 2281.693935394287,
      "error_count": 0
    },
    "allam-2-7b": {
      "count": 30,
      "avg_overall": 64.4235222271188,
      "avg_sql": 55.5651291488957,
      "avg_table_column": 74.97027417027418,
      "avg_methodology": 57.79842176346126,
      "avg_latency_ms": 11063.680466016134,
      "error_count": 0
    },
    "qwen/qwen3-32b": {
      "count": 30,
      "avg_overall": 79.8632058938035,
      "avg_sql": 64.12467516696715,
      "avg_table_column": 90.6083694083694,
      "avg_methodology": 86.67530536870773,
      "avg_latency_ms": 12351.14377339681,
      "error_count": 0
    },
    "meta-llama/llama-4-scout-17b-16e-instruct": {
      "count": 30,
      "avg_overall": 80.84872953781964,
      "avg_sql": 79.5576323736693,
      "avg_table_column": 89.69523809523811,
      "avg_methodology": 69.80579338951817,
      "avg_latency_ms": 3619.8933362960815,
      "error_count": 0
    },
    "meta-llama/llama-4-maverick-17b-128e-instruct": {
      "count": 30,
      "avg_overall": 88.5398387226391,
      "avg_sql": 82.57206036924906,
      "avg_table_column": 94.12539682539682,
      "avg_methodology": 89.9074074074074,
      "avg_latency_ms": 8639.538351694742,
      "error_count": 0
    },
    "moonshotai/kimi-k2-instruct": {
      "count": 30,
      "avg_overall": 87.45891086390922,
      "avg_sql": 80.59789156799883,
      "avg_table_column": 91.04761904761905,
      "avg_methodology": 89.0,
      "avg_latency_ms": 2122.5594679514566,
      "error_count": 0
    }
  },
  "by_category": {
    "Complex": {
      "count": 98,
      "avg_overall": 75.82834626030089,
      "avg_sql": 67.15650703001948,
      "avg_table_column": 85.11321671525754,
      "avg_methodology": 72.61923453371284
    },
    "Easy": {
      "count": 77,
      "avg_overall": 83.34334123271191,
      "avg_sql": 80.84363400947296,
      "avg_table_column": 89.30117501546073,
      "avg_methodology": 77.79389441727106
    },
    "Medium": {
      "count": 35,
      "avg_overall": 81.6299467827042,
      "avg_sql": 77.62573595914311,
      "avg_table_column": 91.82448979591838,
      "avg_methodology": 74.11151127117513
    }
  },
  "overall": {
    "avg_overall": 79.5507778372521,
    "avg_sql": 73.9199917440064,
    "avg_table_column": 87.7673469387755,
    "avg_methodology": 74.76532261392788,
    "avg_latency_ms": 6926.527920223418
  }
}