{
  "report": {
    "total_questions": 10,
    "baseline_averages": {
      "sql": 79.28147708596526,
      "table": 92.87619047619047,
      "methodology": 83.72222222222221,
      "overall": 85.20205555560088
    },
    "enhanced_averages": {
      "sql": 79.8152644274015,
      "table": 95.90326340326341,
      "methodology": 88.0,
      "overall": 87.31115840040637
    },
    "average_improvements": {
      "sql": 0.5337873414362377,
      "table": 3.027072927072936,
      "methodology": 4.277777777777786,
      "overall": 2.1091028448054914
    },
    "improved": 7,
    "degraded": 3,
    "same": 0,
    "improvement_rate": 70.0
  },
  "detailed_results": [
    {
      "question_id": "Complex_13",
      "question_text": "How does the average rework count for 'Widget-A' differ between Line-1 and Line-2?",
      "category": "Complex",
      "baseline": {
        "sql_score": 97.73062730627306,
        "table_column_score": 100.0,
        "methodology_score": 72.22222222222221,
        "overall_score": 90.62885657031305
      },
      "enhanced": {
        "sql_score": 97.73062730627306,
        "table_column_score": 100.0,
        "methodology_score": 95.0,
        "overall_score": 96.70571955719558
      },
      "improvements": {
        "sql_improvement": 0.0,
        "table_improvement": 0.0,
        "methodology_improvement": 22.777777777777786,
        "overall_improvement": 6.0768629868825315
      },
      "latency_ms": 2469.6390628814697,
      "tokens": 3757,
      "error": null
    },
    {
      "question_id": "Complex_26",
      "question_text": "What is the impact of preventive maintenance on the subsequent breakdown frequency for Machine-M1?",
      "category": "Complex",
      "baseline": {
        "sql_score": 53.9869238736406,
        "table_column_score": 93.33333333333333,
        "methodology_score": 85.0,
        "overall_score": 77.42398848441852
      },
      "enhanced": {
        "sql_score": 59.617224880382764,
        "table_column_score": 100.0,
        "methodology_score": 85.0,
        "overall_score": 80.36602870813397
      },
      "improvements": {
        "sql_improvement": 5.630301006742165,
        "table_improvement": 6.666666666666671,
        "methodology_improvement": 0.0,
        "overall_improvement": 2.942040223715452
      },
      "latency_ms": 13358.726739883423,
      "tokens": 4299,
      "error": null
    },
    {
      "question_id": "Complex_32",
      "question_text": "Which machine has the highest average downtime due to breakdowns in the last quarter, and what is the total cost associated with those breakdowns?",
      "category": "Complex",
      "baseline": {
        "sql_score": 86.1580547112462,
        "table_column_score": 80.0,
        "methodology_score": 90.0,
        "overall_score": 85.44072316352357
      },
      "enhanced": {
        "sql_score": 76.68738686175068,
        "table_column_score": 94.54545454545455,
        "methodology_score": 90.0,
        "overall_score": 86.47694903797637
      },
      "improvements": {
        "sql_improvement": -9.470667849495513,
        "table_improvement": 14.545454545454547,
        "methodology_improvement": 0.0,
        "overall_improvement": 1.0362258744527963
      },
      "latency_ms": 29177.030086517334,
      "tokens": 4351,
      "error": null
    },
    {
      "question_id": "Complex_18",
      "question_text": "What is the average unit cost of materials purchased from each supplier, and which supplier has the lowest average cost?",
      "category": "Complex",
      "baseline": {
        "sql_score": 83.53857566765578,
        "table_column_score": 88.0,
        "methodology_score": 75.0,
        "overall_score": 82.77918399024081
      },
      "enhanced": {
        "sql_score": 82.18774703557312,
        "table_column_score": 100.0,
        "methodology_score": 90.0,
        "overall_score": 89.7657114624506
      },
      "improvements": {
        "sql_improvement": -1.3508286320826528,
        "table_improvement": 12.0,
        "methodology_improvement": 15.0,
        "overall_improvement": 6.9865274722097865
      },
      "latency_ms": 27427.099227905273,
      "tokens": 3552,
      "error": null
    },
    {
      "question_id": "Complex_1",
      "question_text": "What is the average downtime (in minutes) per shift for each machine in the last quarter?",
      "category": "Complex",
      "baseline": {
        "sql_score": 68.99746008708273,
        "table_column_score": 100.0,
        "methodology_score": 85.0,
        "overall_score": 83.72918970384168
      },
      "enhanced": {
        "sql_score": 76.10409556313994,
        "table_column_score": 100.0,
        "methodology_score": 90.0,
        "overall_score": 87.63643344709898
      },
      "improvements": {
        "sql_improvement": 7.106635476057207,
        "table_improvement": 0.0,
        "methodology_improvement": 5.0,
        "overall_improvement": 3.907243743257297
      },
      "latency_ms": 28878.936767578125,
      "tokens": 4227,
      "error": null
    },
    {
      "question_id": "Complex_7",
      "question_text": "What are the top 3 defect types that lead to rework for Widget-B, and what is their total rework count?",
      "category": "Complex",
      "baseline": {
        "sql_score": 99.95522388059702,
        "table_column_score": 100.0,
        "methodology_score": 100,
        "overall_score": 99.13987170938236
      },
      "enhanced": {
        "sql_score": 99.95522388059702,
        "table_column_score": 100.0,
        "methodology_score": 100,
        "overall_score": 98.98432835820896
      },
      "improvements": {
        "sql_improvement": 0.0,
        "table_improvement": 0.0,
        "methodology_improvement": 0,
        "overall_improvement": -0.15554335117340656
      },
      "latency_ms": 27527.19497680664,
      "tokens": 3476,
      "error": null
    },
    {
      "question_id": "Complex_33",
      "question_text": "What are the top 3 most frequently replaced parts across all machines, and what is the total cost associated with replacing these parts?",
      "category": "Complex",
      "baseline": {
        "sql_score": 82.08955223880596,
        "table_column_score": 100.0,
        "methodology_score": 95.0,
        "overall_score": 91.18325897686516
      },
      "enhanced": {
        "sql_score": 82.08955223880596,
        "table_column_score": 100.0,
        "methodology_score": 90.0,
        "overall_score": 89.73134328358208
      },
      "improvements": {
        "sql_improvement": 0.0,
        "table_improvement": 0.0,
        "methodology_improvement": -5.0,
        "overall_improvement": -1.451915693283084
      },
      "latency_ms": 29640.441179275513,
      "tokens": 4132,
      "error": null
    },
    {
      "question_id": "Complex_23",
      "question_text": "What is the correlation between Downtime_Minutes and Failed_Qty on a daily basis?",
      "category": "Complex",
      "baseline": {
        "sql_score": 75.96975088967972,
        "table_column_score": 100.0,
        "methodology_score": 90.0,
        "overall_score": 87.70746002494228
      },
      "enhanced": {
        "sql_score": 72.52507836990596,
        "table_column_score": 93.33333333333333,
        "methodology_score": 100,
        "overall_score": 87.71711076280042
      },
      "improvements": {
        "sql_improvement": -3.4446725197737607,
        "table_improvement": -6.666666666666671,
        "methodology_improvement": 10.0,
        "overall_improvement": 0.009650737858137859
      },
      "latency_ms": 28320.39475440979,
      "tokens": 3835,
      "error": null
    },
    {
      "question_id": "Complex_9",
      "question_text": "Which supplier provides the material with the lowest unit cost, considering only materials consumed after 2026-01-01?",
      "category": "Complex",
      "baseline": {
        "sql_score": 82.41803278688525,
        "table_column_score": 91.42857142857143,